City_ID,City,Country,Lat,Lng,Max Temp,Humidity,Cloudiness,Wind Speed,Current Description
0,Ushuaia,AR,-54.8,-68.3,50.0,81,75,17.27,broken clouds
1,Nanortalik,GL,60.1432,-45.2371,27.03,91,100,5.1,overcast clouds
2,Ibra,OM,22.6906,58.5334,54.32,75,0,1.95,clear sky
3,Cape Town,ZA,-33.9258,18.4232,64.99,82,0,8.05,clear sky
4,Jamestown,US,42.097,-79.2353,30.99,100,90,9.22,light snow
5,Kavaratti,IN,10.5669,72.642,82.0,75,0,9.51,clear sky
6,Sumbe,AO,-11.2061,13.8437,73.4,85,100,7.09,overcast clouds
7,Hofn,IS,64.2539,-15.2082,39.11,72,100,13.22,overcast clouds
8,Chuy,UY,-33.6971,-53.4616,61.86,81,0,5.93,clear sky
9,Hermanus,ZA,-34.4187,19.2345,66.0,82,12,5.99,few clouds
10,Kansanshi,ZM,-12.0951,26.4273,62.11,98,100,4.03,light rain
11,Kruisfontein,ZA,-34.0033,24.7314,68.0,76,67,1.99,broken clouds
12,Namibe,AO,-15.1961,12.1522,71.46,76,76,7.4,broken clouds
13,Benguela,AO,-12.5763,13.4055,72.64,78,100,2.08,overcast clouds
14,Sao Filipe,CV,14.8961,-24.4956,71.85,72,0,6.6,clear sky
15,Mar Del Plata,AR,-38.0023,-57.5575,61.0,77,0,6.91,clear sky
16,Honningsvag,NO,70.9821,25.9704,35.91,83,100,19.13,overcast clouds
17,Chapais,CA,49.7834,-74.8492,10.4,85,90,11.5,light snow
18,Nioro,GM,13.35,-15.75,70.99,18,91,8.97,overcast clouds
19,Sorland,NO,67.667,12.6934,36.41,79,30,5.61,scattered clouds
20,Yangambi,CD,0.8102,24.4336,69.51,90,94,1.92,overcast clouds
21,Saint-Augustin,CA,51.226,-58.6502,35.69,91,100,12.66,overcast clouds
22,Busselton,AU,-33.65,115.3333,89.01,30,0,5.01,clear sky
23,Luderitz,NA,-26.6481,15.1594,62.69,82,0,8.66,clear sky
24,Saint George,US,37.1041,-113.5841,50.0,29,1,9.22,clear sky
25,Port Alfred,ZA,-33.5906,26.891,64.99,89,74,6.4,broken clouds
26,Abu Samrah,SY,35.3029,37.1841,45.41,70,3,17.76,clear sky
27,Eydhafushi,MV,5.1033,73.0708,82.0,75,12,11.07,few clouds
28,Pucallpa,PE,-8.3791,-74.5539,76.03,86,100,3.74,light rain
29,Torbay,CA,47.6666,-52.7314,39.0,100,75,20.71,broken clouds
30,Lavello,IT,41.0456,15.7908,39.99,93,40,6.91,light rain
31,Souillac,MU,-20.5167,57.5167,78.8,83,75,11.5,light rain
32,George Town,MY,5.4112,100.3354,82.4,61,20,9.22,few clouds
33,Weligama,LK,5.9667,80.4167,78.64,81,80,4.68,broken clouds
34,Nara,JP,34.6851,135.8049,45.0,52,40,12.66,scattered clouds
35,Malyn,UA,50.7723,29.2383,-2.2,78,100,6.71,light snow
36,Adre,TD,13.4667,22.2,59.9,27,0,13.44,clear sky
37,Dudinka,RU,69.4058,86.1778,-7.29,89,100,7.63,overcast clouds
38,Ostersund,SE,63.1792,14.6357,-5.01,84,2,0.63,clear sky
39,Toktogul,KG,41.8708,72.9402,33.33,59,100,0.96,overcast clouds
40,Umm Kaddadah,SD,13.6017,26.6876,62.33,28,1,16.73,clear sky
41,Saldanha,ZA,-33.0117,17.9442,62.6,82,0,4.61,clear sky
42,Dikson,RU,73.5069,80.5464,-23.15,84,37,17.63,scattered clouds
43,Sompeta,IN,18.9333,84.6,73.42,69,2,5.28,clear sky
44,Arlit,NE,18.7369,7.3853,60.24,30,63,4.99,broken clouds
45,Vardo,NO,70.3705,31.1107,33.49,93,100,10.65,light snow
46,Ribeira Grande,PT,38.5167,-28.7,62.56,78,88,28.95,overcast clouds
47,Muros,ES,42.7762,-9.0603,46.0,95,0,1.01,clear sky
48,Bredasdorp,ZA,-34.5322,20.0403,66.2,77,58,10.36,broken clouds
49,Bani Walid,LY,31.7566,13.9942,46.38,56,0,9.24,clear sky
50,Abha,SA,18.2164,42.5053,51.8,93,0,3.8,clear sky
51,Arraial Do Cabo,BR,-22.9661,-42.0278,75.33,83,7,28.27,clear sky
52,Hauterive,FR,46.0901,3.4459,35.6,93,90,3.44,overcast clouds
53,Behbahan,IR,30.5959,50.2417,53.6,87,23,6.91,few clouds
54,Upernavik,GL,72.7868,-56.1549,14.95,94,100,9.91,light snow
55,Spasskoye,RU,44.6108,132.7969,4.95,92,83,4.21,broken clouds
56,Edd,ER,13.9297,41.6925,71.64,85,100,4.05,overcast clouds
57,Georgetown,MY,5.4112,100.3354,82.4,61,20,9.22,few clouds
58,Hithadhoo,MV,-0.6,73.0833,80.69,71,25,8.39,scattered clouds
59,Luanda,AO,-8.8368,13.2343,77.0,83,20,4.61,few clouds
60,Dingle,PH,10.9995,122.6711,76.82,89,100,10.27,light rain
61,Axim,GH,4.8699,-2.2405,78.37,84,0,5.7,clear sky
62,Bambous Virieux,MU,-20.3428,57.7575,81.0,83,75,11.5,light rain
63,Mashhad,IR,36.297,59.6062,42.8,52,0,6.91,clear sky
64,Lagoa,PT,39.05,-27.9833,61.66,81,39,28.5,light rain
65,Coihaique,CL,-45.5752,-72.0662,57.2,72,75,5.75,broken clouds
66,Victoria,HK,22.2855,114.1577,57.99,47,0,1.99,clear sky
67,Punta Arenas,CL,-53.15,-70.9167,53.6,66,90,17.27,overcast clouds
68,Khakhea,BW,-24.6895,23.494,74.12,21,8,7.52,clear sky
69,Santa Rosa,PH,14.3122,121.1114,82.4,74,40,4.61,scattered clouds
70,Quelimane,MZ,-17.8786,36.8883,77.83,93,100,2.89,overcast clouds
71,Bure,ET,10.7,37.0667,55.76,50,97,4.21,overcast clouds
72,Brae,GB,60.3964,-1.353,42.8,70,40,25.32,scattered clouds
73,Aksu,CN,41.1231,80.2644,14.22,82,0,2.46,clear sky
74,Goderich,CA,43.7501,-81.7165,30.2,86,100,4.61,light snow
75,East London,ZA,-33.0153,27.9116,68.85,72,68,4.99,broken clouds
76,Lamu,KE,-2.2717,40.902,78.8,83,1,3.44,clear sky
77,Saint-Andre-Les-Vergers,FR,48.2853,4.0521,39.2,81,90,8.05,overcast clouds
78,Fereydunshahr,IR,32.941,50.121,24.19,96,96,4.81,overcast clouds
79,Mahebourg,MU,-20.4081,57.7,78.8,83,75,11.5,light rain
80,Korla,CN,41.7597,86.1469,18.0,80,36,2.53,scattered clouds
81,Lethem,GY,3.3803,-59.7968,78.62,69,58,12.1,broken clouds
82,Sisimiut,GL,66.9395,-53.6735,14.04,94,100,10.94,light snow
83,Rio Bueno,CL,-40.3167,-72.9667,60.8,84,0,4.61,clear sky
84,Kapoeta,SS,4.7717,33.5903,79.72,41,73,7.16,broken clouds
85,Riachao Das Neves,BR,-11.7461,-44.91,70.59,87,100,2.93,light rain
86,Port Elizabeth,ZA,-33.918,25.5701,66.2,82,75,3.44,broken clouds
87,Saint-Louis,SN,16.3333,-15.0,68.7,20,93,10.92,overcast clouds
88,Emba,KZ,48.8264,58.1442,16.7,93,100,8.61,overcast clouds
89,Moskovskiy,RU,55.5991,37.355,-9.4,84,20,2.24,few clouds
90,Qaanaaq,GL,77.484,-69.3632,-0.89,73,0,6.71,clear sky
91,Carnarvon,AU,-24.8667,113.6333,87.8,74,59,8.05,broken clouds
92,Cidreira,BR,-30.1811,-50.2056,72.97,91,100,13.78,overcast clouds
93,Monrovia,LR,6.3005,-10.7969,75.2,94,20,4.52,mist
94,Raudeberg,NO,61.9875,5.1352,39.99,81,45,15.57,scattered clouds
95,Ratnagiri,IN,16.9833,73.3,79.27,57,94,3.29,overcast clouds
96,Berbera,SO,10.4396,45.0143,73.35,79,5,0.22,clear sky
97,Mamlyutka,KZ,54.9375,68.5394,-0.4,78,0,11.18,clear sky
98,Bosconia,CO,9.9689,-73.8836,77.47,61,6,2.8,clear sky
99,Areka,ET,7.0667,37.7,61.43,36,88,5.7,overcast clouds
100,Hamilton,US,39.1834,-84.5333,32.0,86,90,9.22,mist
101,Cherdyn,RU,60.403,56.4787,-13.45,90,99,5.37,overcast clouds
102,Rawson,AR,-43.3002,-65.1023,68.49,50,6,14.97,clear sky
103,Clyde River,CA,70.4692,-68.5914,5.0,92,90,25.32,snow
104,Grand Gaube,MU,-20.0064,57.6608,81.0,74,64,11.99,broken clouds
105,Vikulovo,RU,56.8167,70.6107,0.59,92,99,10.98,overcast clouds
106,Nantucket,US,41.2835,-70.0995,42.8,61,1,19.57,clear sky
107,Sur,OM,22.5667,59.5289,67.01,59,0,2.73,clear sky
108,Licata,IT,37.1071,13.9461,44.6,100,40,2.3,scattered clouds
109,Ipanema,BR,-30.1391,-51.2244,73.4,100,75,4.61,broken clouds
110,Marsh Harbour,BS,26.5412,-77.0636,66.65,67,100,16.2,overcast clouds
111,Longyearbyen,SJ,78.2186,15.6401,17.6,67,75,29.93,broken clouds
112,San Cristobal,VE,7.7669,-72.225,64.83,87,9,1.79,clear sky
113,Klaksvik,FO,62.2266,-6.589,32.0,100,40,8.05,scattered clouds
114,Narok,KE,-1.0783,35.8601,57.83,84,91,3.47,light rain
115,Margate,GB,51.3813,1.3862,37.99,82,1,1.99,clear sky
116,Soyo,AO,-6.1349,12.3689,78.24,82,97,8.21,overcast clouds
117,Binghamton,US,42.0987,-75.918,35.01,80,90,10.36,overcast clouds
118,Alta Floresta,BR,-9.8756,-56.0861,70.68,97,100,2.37,overcast clouds
119,Saint-Pierre,RE,-21.3393,55.4781,78.8,65,0,3.44,clear sky
120,Ostrovnoy,RU,68.0531,39.5131,15.44,95,100,20.69,light snow
121,Saint-Philippe,RE,-21.3585,55.7679,78.8,65,0,3.44,clear sky
122,Marsa Matruh,EG,31.3525,27.2453,50.0,71,40,11.5,scattered clouds
123,San Miguel,SV,13.4833,-88.1833,76.59,66,61,0.36,broken clouds
124,Mananjary,MG,-21.2167,48.3333,78.85,86,60,5.73,broken clouds
125,Codrington,AU,-38.2667,141.9667,63.03,68,81,16.17,broken clouds
126,Aquiraz,BR,-3.9014,-38.3911,82.4,74,20,10.36,few clouds
127,Neuquen,AR,-38.9516,-68.0591,77.0,31,0,3.44,clear sky
128,Boundiali,CI,9.5217,-6.4869,65.53,25,0,3.58,clear sky
129,North Tonawanda,US,43.0387,-78.8642,35.01,80,90,9.22,overcast clouds
130,Tiznit,MA,29.5833,-9.5,51.46,46,0,1.45,clear sky
131,Zbarazh,UA,49.6636,25.7762,4.17,93,100,10.76,overcast clouds
132,Coihueco,CL,-36.6167,-71.8333,73.4,35,0,10.36,clear sky
133,Lasa,IT,46.6166,10.7002,28.0,80,75,8.05,broken clouds
134,Ushtobe,KZ,45.2514,77.9838,16.97,87,22,1.97,few clouds
135,Lagos,NG,6.5833,3.75,77.34,88,51,3.27,broken clouds
136,Gat,IL,31.61,34.7642,52.0,100,57,11.81,light rain
137,Ponta Do Sol,PT,32.6667,-17.1,55.99,61,100,1.99,overcast clouds
138,Turbat,PK,26.0023,63.044,57.49,63,0,1.74,clear sky
139,Mitsamiouli,KM,-11.3847,43.2844,81.25,76,97,7.31,overcast clouds
140,Vila Velha,BR,-20.3297,-40.2925,77.0,83,40,5.75,scattered clouds
141,Vysokaya Gora,RU,55.9128,49.3017,-16.6,76,48,2.24,scattered clouds
142,Chicama,PE,-7.8447,-79.1469,71.35,76,97,5.97,overcast clouds
143,Simbakoro,SL,8.6,-11.0167,63.18,36,0,0.16,clear sky
144,Sao Joao Da Barra,BR,-21.6403,-41.0511,75.42,84,0,17.27,clear sky
145,Paamiut,GL,61.994,-49.6678,25.92,88,100,8.5,overcast clouds
146,Xique-Xique,BR,-10.8218,-42.7263,77.65,62,54,17.11,broken clouds
147,Cotonou,BJ,6.3654,2.4183,80.6,89,20,6.91,few clouds
148,Srikakulam,IN,18.3,83.9,75.09,67,24,7.45,few clouds
149,At-Bashi,KG,41.1702,75.8106,13.87,57,90,1.36,overcast clouds
150,Palora,EC,-1.7,-77.9333,66.76,95,93,3.06,overcast clouds
151,Charlestown,AU,-32.95,151.6667,88.0,53,67,8.39,broken clouds
152,Kuryk,KZ,43.2,51.65,45.12,87,5,22.82,clear sky
153,Atasu,KZ,48.6814,71.6433,12.4,88,29,1.16,scattered clouds
154,Grand-Santi,GF,4.25,-54.3833,71.38,97,100,2.28,overcast clouds
155,Richards Bay,ZA,-28.783,32.0377,70.02,87,33,7.34,scattered clouds
156,Yar-Sale,RU,66.8333,70.8333,-13.13,88,100,17.05,overcast clouds
157,Aktash,RU,50.3,87.7333,3.16,81,61,4.25,broken clouds
158,Mogadouro,PT,41.3403,-6.7119,33.15,93,0,2.59,clear sky
159,Fez,MA,34.0372,-4.9998,39.2,75,0,8.05,clear sky
160,Port-Cartier,CA,50.0334,-66.8654,32.0,100,100,12.66,snow
161,Nuuk,GL,64.1835,-51.7216,23.0,86,90,7.65,overcast clouds
162,Salobrena,ES,36.7428,-3.5872,53.01,61,100,1.72,overcast clouds
163,Faya,SA,18.3851,42.4509,51.8,93,0,2.77,clear sky
164,Tabuk,PH,17.4189,121.4443,68.25,87,98,8.95,overcast clouds
165,Calabozo,VE,8.9242,-67.4293,78.49,58,73,7.99,broken clouds
166,Castro,BR,-24.7911,-50.0119,65.07,96,100,7.54,overcast clouds
167,Dagana,MR,16.5165,-15.5068,68.99,20,100,13.02,overcast clouds
168,San Antonio,US,29.4241,-98.4936,57.99,58,1,5.55,clear sky
169,Jizan,SA,17.3333,42.6667,75.2,83,20,3.44,few clouds
170,Goundam,ML,16.4145,-3.6708,64.04,23,82,12.26,broken clouds
171,Taltal,CL,-25.4,-70.4833,64.33,75,0,4.54,clear sky
172,Ilinskiy,RU,55.619,38.1182,-9.4,77,0,4.47,clear sky
173,Villazon,BO,-22.0866,-65.5942,44.15,84,100,9.01,overcast clouds
174,Quirinopolis,BR,-18.4483,-50.4517,70.77,91,100,2.17,light rain
175,Abu Kamal,SY,34.4506,40.9171,51.24,67,12,9.53,few clouds
176,Coutances,FR,49.05,-1.4333,46.99,81,40,9.22,scattered clouds
177,Sambava,MG,-14.2667,50.1667,76.39,89,73,5.12,broken clouds
178,Coquimbo,CL,-29.9533,-71.3436,59.0,88,40,9.22,scattered clouds
179,Bubaque,GW,11.2833,-15.8333,78.3,58,99,10.18,overcast clouds
180,Youghal,IE,51.95,-7.8506,41.0,93,75,3.44,broken clouds
181,Havoysund,NO,70.9963,24.6622,34.25,91,100,16.53,light snow
182,Sinnamary,GF,5.3833,-52.95,77.58,85,47,12.44,scattered clouds
183,Maniitsoq,GL,65.4167,-52.9,17.74,92,100,10.89,overcast clouds
184,Kohtla-Jarve,EE,59.3986,27.2731,20.8,98,91,7.7,overcast clouds
185,Roslavl,RU,53.9528,32.8639,-9.49,90,64,3.56,broken clouds
186,Mantua,IT,45.1667,10.7833,28.0,80,40,6.91,scattered clouds
187,Rovaniemi,FI,66.5,25.7167,8.6,92,90,4.61,overcast clouds
188,Mopti,ML,14.6667,-4.0,64.98,22,36,11.23,scattered clouds
189,Vila Franca Do Campo,PT,37.7167,-25.4333,61.0,94,40,21.85,light rain
190,Lebu,CL,-37.6167,-73.65,56.44,84,0,19.73,clear sky
191,Vila Vicosa,PT,38.7777,-7.4179,36.86,80,43,5.01,scattered clouds
192,Neon Soulion,GR,41.1,23.65,26.01,54,0,5.99,clear sky
193,Grindavik,IS,63.8424,-22.4338,33.8,100,75,12.66,broken clouds
194,Nueva Loja,EC,0.0847,-76.8828,71.71,95,60,3.27,broken clouds
195,Poienile De Sub Munte,RO,47.8167,24.4333,13.28,94,100,2.66,light snow
196,Asyut,EG,27.181,31.1837,48.2,57,0,11.5,clear sky
197,Rumboci,BA,43.8322,17.5011,32.0,100,40,2.3,mist
198,Hobyo,SO,5.3505,48.5268,74.8,79,36,13.89,scattered clouds
199,Touros,BR,-5.1989,-35.4608,77.0,78,20,5.75,few clouds
200,Praia Da Vitoria,PT,38.7333,-27.0667,61.0,94,75,23.22,broken clouds
201,Togur,RU,58.3631,82.8265,13.95,95,99,11.14,overcast clouds
202,Santiago De Compostela,ES,42.8805,-8.5457,48.2,87,75,3.44,broken clouds
203,West Milford,US,41.1312,-74.3674,39.0,69,17,1.01,few clouds
204,Kosh-Agach,RU,50.0,88.6667,-2.36,67,43,1.48,scattered clouds
205,Bandarbeyla,SO,9.4942,50.8122,73.47,73,0,12.75,clear sky
206,Cayenne,GF,4.9333,-52.3333,78.8,89,75,9.22,broken clouds
207,Moroni,KM,-11.7022,43.2551,79.05,77,93,7.11,overcast clouds
208,Hambantota,LK,6.1241,81.1185,75.2,100,20,2.3,few clouds
209,Fort Wellington,GY,6.4,-57.6,76.51,87,100,8.43,overcast clouds
210,Nalut,LY,30.3333,10.85,40.06,67,0,5.82,clear sky
211,Batticaloa,LK,7.7102,81.6924,79.03,83,83,13.67,moderate rain
212,Santo Andre,BR,-23.6639,-46.5383,73.99,68,97,6.91,overcast clouds
213,Saint-Paul,RE,-21.0096,55.2707,78.8,73,0,17.27,clear sky
214,Lodwar,KE,3.1191,35.5973,80.78,50,98,5.61,overcast clouds
215,Matay,EG,28.419,30.7792,48.92,74,29,5.46,scattered clouds
216,Saint-Raymond,CA,45.467,-73.6095,26.01,86,87,4.61,overcast clouds
217,Guisa,CU,20.255,-76.5386,71.6,100,1,4.61,clear sky
218,Pimentel,PE,-6.8367,-79.9342,69.76,85,99,11.23,overcast clouds
219,Iracoubo,GF,5.4802,-53.2011,77.61,87,89,11.41,overcast clouds
220,Uruzgan,AF,32.8333,66.0,38.39,59,58,7.29,broken clouds
221,Saint-Francois,FR,46.4154,3.9054,36.0,93,75,2.3,broken clouds
222,Timra,SE,62.487,17.3257,8.01,85,2,4.61,clear sky
223,Bischwiller,FR,48.7659,7.8583,36.0,87,90,9.22,overcast clouds
224,Port Hawkesbury,CA,45.6169,-61.3485,39.0,87,90,9.22,overcast clouds
225,Puerto Maldonado,PE,-12.6,-69.1833,73.4,96,66,0.94,light rain
226,Kot Addu,PK,30.4692,70.9671,44.6,87,90,11.5,mist
227,Traverse City,US,44.7631,-85.6206,30.2,86,90,3.02,light snow
228,Malko Tarnovo,BG,41.9833,27.5333,21.2,79,0,8.05,clear sky
229,Serowe,BW,-22.3833,26.7167,69.22,89,100,14.23,overcast clouds
230,Dolores,AR,-36.3132,-57.6792,56.08,81,0,6.96,clear sky
231,Salalah,OM,17.0151,54.0924,60.8,36,0,2.3,clear sky
232,Rhenen,NL,51.9615,5.5706,37.99,93,15,1.99,few clouds
233,Agirish,RU,61.9247,63.0231,-18.56,87,61,7.78,broken clouds
234,Nadym,RU,65.5333,72.5167,-14.75,88,100,12.64,overcast clouds
235,Rajakhera,IN,26.8961,78.1714,56.62,54,89,6.4,overcast clouds
236,Presidencia Roque Saenz Pena,AR,-26.7852,-60.4388,69.01,66,0,1.99,clear sky
237,Urbano Santos,BR,-3.2078,-43.4036,73.94,96,100,1.95,overcast clouds
238,Encrucijada,CU,22.6169,-79.8711,68.0,88,75,5.75,broken clouds
239,Porto Santo,PT,33.072,-16.3415,57.2,67,75,2.3,broken clouds
240,Kholmogory,RU,64.2229,41.656,6.8,85,90,4.47,overcast clouds
241,Rudnichnyy,RU,59.617,52.4703,-11.9,89,58,5.97,broken clouds
242,Hosakote,IN,14.2769,77.1699,69.15,53,0,8.5,clear sky
243,Olafsvik,IS,64.8945,-23.7142,35.1,91,100,14.18,light snow
244,Pangnirtung,CA,66.1451,-65.7125,-17.23,77,0,2.51,clear sky
245,Karabulak,RU,43.3036,44.8964,28.4,100,100,8.95,overcast clouds
246,Kathmandu,NP,27.7167,85.3167,46.4,87,20,1.61,mist
247,Nampula,MZ,-15.1165,39.2666,71.87,99,99,4.23,overcast clouds
248,Sayyan,YE,15.1718,44.3244,41.59,59,89,1.92,overcast clouds
249,Mozarlandia,BR,-14.7447,-50.5706,73.69,84,99,2.15,light rain
250,Santa Maria,BR,-29.6842,-53.8069,68.79,65,95,6.17,overcast clouds
251,Guasdualito,VE,7.2424,-70.7324,74.01,75,74,3.89,broken clouds
252,Tasiilaq,GL,65.6145,-37.6368,23.0,63,4,4.61,clear sky
253,Frolovo,RU,49.7713,43.6622,9.0,88,100,8.05,snow
254,Vestmanna,FO,62.1564,-7.1664,32.0,100,40,9.01,light rain
255,Hualmay,PE,-11.0964,-77.6139,69.76,85,100,5.68,overcast clouds
256,Laguna,US,38.421,-121.4238,60.01,67,1,1.23,clear sky
257,Aguilas,ES,37.4063,-1.5829,46.0,51,99,5.01,overcast clouds
258,Narsaq,GL,60.9167,-46.05,23.0,54,75,2.3,broken clouds
259,Tinaquillo,VE,9.9186,-68.3047,68.16,87,64,5.37,broken clouds
260,Poshtove,UA,44.8311,33.9545,19.99,77,100,1.01,overcast clouds
261,Scarborough,GB,54.2797,-0.4044,42.01,88,100,4.0,overcast clouds
262,Matagami,CA,49.7502,-77.6328,6.8,92,90,19.57,overcast clouds
263,Kaputa,ZM,-8.4689,29.6619,66.04,86,94,3.22,overcast clouds
264,Nova Olimpia,BR,-14.7972,-57.2881,74.37,88,100,2.28,overcast clouds
265,Marzuq,YE,14.4,46.4667,55.29,52,48,2.01,scattered clouds
266,Wilmington,US,34.2257,-77.9447,44.6,57,1,8.05,clear sky
267,Huarmey,PE,-10.0681,-78.1522,70.03,83,99,6.87,overcast clouds
268,Gander,CA,48.9682,-54.5906,35.6,100,75,12.66,broken clouds
269,Sao Francisco Do Sul,BR,-26.2433,-48.6381,77.0,93,100,21.0,moderate rain
270,Angatuba,BR,-23.4897,-48.4128,67.51,95,91,3.24,light rain
271,Polunochnoye,RU,60.8697,60.4153,-14.08,86,2,4.63,clear sky
272,Lieksa,FI,63.3167,30.0167,23.2,96,100,7.76,overcast clouds
273,Agadir,MA,30.4202,-9.5982,44.6,100,0,8.05,clear sky
274,Padang,ID,-0.9492,100.3543,82.4,74,40,2.3,scattered clouds
275,Tshikapa,CD,-6.4167,20.8,70.72,92,100,2.89,light rain
276,Saint-Georges,GD,12.0564,-61.7485,77.74,81,56,16.87,broken clouds
277,Kamenka,RU,51.3223,42.7678,1.99,88,100,5.26,overcast clouds
278,Manadhoo,MV,5.7667,73.3833,81.5,80,0,14.58,clear sky
279,Necochea,AR,-38.5473,-58.7368,57.76,86,49,7.78,scattered clouds
280,Adrar,MR,20.5022,-10.0711,57.2,32,100,14.14,overcast clouds
281,Manbij,SY,36.5281,37.9549,41.0,87,75,19.26,broken clouds
282,Sao Geraldo Do Araguaia,BR,-6.4006,-48.555,73.99,90,100,1.25,overcast clouds
283,Geraldton,AU,-28.7667,114.6,91.4,38,75,10.36,broken clouds
284,La Roche-Sur-Yon,FR,46.6667,-1.4333,33.8,100,75,4.61,fog
285,Altay,CN,47.8667,88.1167,12.47,63,84,1.66,broken clouds
286,Tocopilla,CL,-22.092,-70.1979,66.94,53,0,2.06,clear sky
287,Shelburne,CA,44.0787,-80.2041,28.4,86,90,6.91,overcast clouds
288,Harper,LR,4.375,-7.7169,78.08,84,10,6.24,clear sky
289,Bathsheba,BB,13.2167,-59.5167,78.8,78,75,21.85,broken clouds
290,Umm Lajj,SA,25.0213,37.2685,65.62,49,33,12.5,scattered clouds
291,Pabrade,LT,55.0,25.7833,0.0,84,75,1.14,light snow
292,Xuddur,SO,4.1213,43.8894,66.6,79,46,13.56,scattered clouds
293,Sao Felix Do Xingu,BR,-6.6447,-51.995,72.66,94,80,0.69,light rain
294,Tazovskiy,RU,67.4667,78.7,-11.87,89,100,15.97,overcast clouds
295,Barddhaman,IN,23.25,87.85,64.99,65,5,4.56,clear sky
296,Iqaluit,CA,63.7506,-68.5145,-14.01,64,1,3.51,clear sky
297,Bocana De Paiwas,NI,12.7857,-85.1227,69.84,92,100,4.07,overcast clouds
298,Nefteyugansk,RU,61.0998,72.6035,-16.6,76,40,11.18,scattered clouds
299,Black River,JM,18.0264,-77.8487,78.8,73,20,8.05,few clouds
300,Mont-De-Marsan,FR,44.0,-0.6667,30.99,93,90,3.44,overcast clouds
301,Takoradi,GH,4.8845,-1.7554,78.58,85,0,5.91,clear sky
302,Luba,GQ,3.4568,8.5547,77.0,83,20,5.75,few clouds
303,Krasnogorskoye,RU,52.2953,86.1979,13.41,90,97,5.03,overcast clouds
304,Birao,CF,10.2849,22.7882,63.73,26,97,7.23,overcast clouds
305,Puerto Narino,CO,-3.7703,-70.3831,77.0,94,75,8.05,light rain
306,Manyana,BW,-23.4,21.7167,70.3,26,100,7.78,overcast clouds
307,Palmas,BR,-10.2128,-48.3603,77.0,94,20,3.44,moderate rain
308,Ramanuj Ganj,IN,23.8,83.7,60.8,33,0,2.19,clear sky
309,Rocha,UY,-34.4833,-54.3333,60.33,89,0,5.82,clear sky
310,San Carlos Del Zulia,VE,9.0,-71.9135,74.16,83,0,2.37,clear sky
311,Kamarion,GR,36.8,25.8167,44.01,55,98,4.0,overcast clouds
312,Veraval,IN,20.9,70.3667,67.44,51,6,8.97,clear sky
313,Bengkulu,ID,-3.8004,102.2655,79.52,81,96,5.97,moderate rain
314,Baglung,NP,28.2719,83.5898,58.96,37,0,1.92,clear sky
315,Husavik,IS,66.0449,-17.3389,32.0,100,90,2.3,light snow
316,Talnakh,RU,69.4865,88.3972,-6.63,86,100,4.52,overcast clouds
317,Viedma,AR,-40.8135,-62.9967,63.84,49,0,9.95,clear sky
318,Liwale,TZ,-9.7667,37.9333,71.83,95,100,4.34,overcast clouds
319,Meulaboh,ID,4.1363,96.1285,82.9,66,99,1.81,overcast clouds
320,Shalya,RU,57.2471,58.7298,-13.22,90,78,5.7,broken clouds
321,Saint Anthony,US,45.0205,-93.218,21.99,79,90,6.91,light snow
322,Franklin,US,39.9667,-83.0166,33.01,86,90,4.61,overcast clouds
323,Kayes,ML,14.0,-11.0,66.65,22,0,7.47,clear sky
324,Trujillo,PE,-8.116,-79.03,71.26,78,84,6.96,broken clouds
325,Marawi,PH,7.9986,124.2928,77.0,91,100,2.55,heavy intensity rain
326,Abalak,RU,58.1286,68.5944,-12.15,90,62,7.85,broken clouds
327,Barroso,BR,-21.1869,-43.9758,62.73,93,49,5.14,scattered clouds
328,Hornepayne,CA,49.2138,-84.7705,0.05,91,0,2.51,clear sky
329,Birzai,LT,56.2,24.75,5.18,94,78,5.08,broken clouds
330,Maracacume,BR,-2.0428,-45.9592,72.93,98,100,1.74,moderate rain
331,Trairi,BR,-3.2778,-39.2689,79.3,77,100,9.48,overcast clouds
332,Puerto Leguizamo,CO,-0.1934,-74.7819,74.32,72,52,2.3,broken clouds
333,Bhind,IN,26.5642,78.7883,57.4,58,80,6.2,broken clouds
334,Isola Del Liri,IT,41.6862,13.5823,35.01,89,43,7.78,scattered clouds
335,Birjand,IR,32.8663,59.2211,37.4,30,0,4.0,clear sky
336,Okoneshnikovo,RU,54.8377,75.0834,6.22,94,100,14.65,overcast clouds
337,Formosa,AR,-26.1775,-58.1781,71.6,83,0,3.44,clear sky
338,Tucurui,BR,-3.7661,-49.6725,74.88,92,84,1.99,moderate rain
339,Tutoia,BR,-2.7619,-42.2744,78.19,87,100,8.3,light rain
340,Mpanda,TZ,-6.3655,31.0409,62.4,91,87,1.74,overcast clouds
341,Leh,IN,34.1667,77.5833,14.41,74,65,1.28,broken clouds
342,Tignere,CM,7.3667,12.65,63.07,30,65,1.95,broken clouds
343,Maltahohe,NA,-24.8333,16.9833,71.56,35,0,7.72,clear sky
344,Port-Gentil,GA,-0.7193,8.7815,79.77,82,77,12.46,broken clouds
345,Eldorado,BR,-23.7869,-54.2836,70.02,97,100,5.66,light rain
346,Cacule,BR,-14.5033,-42.2222,65.5,91,23,4.14,few clouds
347,Sovetskiy,RU,61.3614,63.5842,-17.46,87,43,7.36,scattered clouds
348,Gornopravdinsk,RU,60.05,69.9,-7.35,89,100,9.01,overcast clouds
349,Desa,RO,43.8667,23.0333,16.0,7,0,6.78,clear sky
350,Sarai Naurang,PK,32.8259,70.7814,47.23,47,0,1.83,clear sky
351,Valparaiso,CL,-33.0393,-71.6273,57.2,94,0,6.91,clear sky
352,Coria,ES,39.9879,-6.5377,33.01,86,1,2.66,clear sky
353,Boffa,GN,10.1667,-14.0333,67.42,80,6,4.0,clear sky
354,Buraydah,SA,26.326,43.975,50.0,71,0,5.75,clear sky
355,Ilulissat,GL,69.2167,-51.1,17.6,79,75,10.36,light snow
356,Kozhva,RU,65.1073,57.0459,-25.78,86,69,3.42,broken clouds
357,Rostovka,RU,55.3842,71.8891,-0.83,92,56,13.27,broken clouds
358,Ayolas,PY,-27.4,-56.9,68.85,63,83,6.91,broken clouds
359,Puerto Lopez,CO,4.0845,-72.956,79.66,58,49,5.88,scattered clouds
360,Nikki,BJ,9.9401,3.2108,69.33,21,74,4.59,broken clouds
361,Villarrica,PY,-25.75,-56.4333,68.4,78,100,4.79,overcast clouds
362,Aras,ES,42.5617,-2.356,42.8,93,90,9.22,overcast clouds
363,Mount Darwin,ZW,-16.7725,31.5838,69.98,89,100,0.78,light rain
364,Kangaatsiaq,GL,68.3065,-53.4641,13.21,93,100,12.82,light snow
365,Belmonte,BR,-15.8631,-38.8828,77.0,78,20,8.05,few clouds
366,Maragogi,BR,-9.0122,-35.2225,76.33,85,8,8.37,clear sky
367,Huancayo,PE,-12.0667,-75.2333,48.09,80,100,4.09,overcast clouds
368,Pelym,RU,61.0108,61.9978,-15.83,86,15,4.36,few clouds
369,Khromtau,KZ,50.2503,58.4347,8.11,91,100,6.17,overcast clouds
370,Zhezkazgan,KZ,47.8043,67.7144,12.38,93,98,5.53,overcast clouds
371,Aden,YE,12.7794,45.0367,74.86,70,100,3.15,overcast clouds
372,Dekar,BW,-21.5333,21.9333,71.83,35,100,7.56,overcast clouds
373,Kalaleh,IR,37.3807,55.4916,44.6,65,0,6.91,clear sky
374,Vila Do Maio,CV,15.1333,-23.2167,69.8,78,3,17.27,clear sky
375,Farafangana,MG,-22.8167,47.8333,78.57,89,95,7.94,overcast clouds
376,Andenes,NO,69.3143,16.1194,30.2,100,90,3.44,light rain
377,Lindi,TZ,-10.0,39.7167,74.91,94,100,3.67,overcast clouds
378,Khorramshahr,IR,30.4397,48.1664,51.8,71,0,6.91,clear sky
379,Teguise,ES,29.0605,-13.564,57.2,82,0,6.91,clear sky
380,Millerovo,RU,48.9226,40.3967,7.36,95,100,11.21,snow
381,Bowling Green,US,36.9903,-86.4436,37.4,60,75,4.61,broken clouds
382,Kingsland,US,30.8,-81.6898,46.4,93,1,3.44,clear sky
383,Bestobe,KZ,52.4994,73.0975,7.86,94,5,11.48,clear sky
384,Wai,IN,17.9333,73.9,73.71,61,23,3.89,few clouds
385,Pisco,PE,-13.7,-76.2167,68.0,88,0,14.97,clear sky
386,Parauna,BR,-16.9478,-50.4486,69.8,93,100,2.35,overcast clouds
387,Chardara,KZ,41.2547,67.9692,44.92,58,100,7.54,overcast clouds
388,Chimoio,MZ,-19.1164,33.4833,69.6,100,100,1.32,moderate rain
389,Siguiri,GN,11.6667,-9.5,65.41,25,0,3.13,clear sky
390,Puerto Asis,CO,0.5133,-76.5007,71.69,96,75,2.17,broken clouds
391,Verkhnetulomskiy,RU,68.6073,31.7962,28.4,93,75,6.71,light snow
392,Lubango,AO,-14.9172,13.4925,58.39,34,15,4.34,few clouds
393,Tornio,FI,65.8481,24.1466,5.0,85,90,3.44,overcast clouds
394,Nizwa,OM,22.9333,57.5333,54.75,61,0,1.92,clear sky
395,Beira,MZ,-19.8436,34.8389,75.2,100,90,6.91,moderate rain
396,Boddam,GB,57.4667,-1.7833,39.99,87,76,8.05,broken clouds
397,Springdale,US,36.1867,-94.1288,35.6,60,1,6.91,clear sky
398,Owensboro,US,37.7742,-87.1133,35.6,75,90,6.91,overcast clouds
399,Mandali,IQ,33.7499,45.5541,54.73,67,39,8.1,scattered clouds
400,Bonavista,CA,48.6499,-53.1147,39.0,100,100,4.61,overcast clouds
401,Andros Town,BS,24.7,-77.7667,66.2,68,75,6.91,broken clouds
402,Frederico Westphalen,BR,-27.3592,-53.3944,73.0,91,99,5.55,overcast clouds
403,Erzurum,TR,40.0,41.5,32.0,74,75,12.66,light snow
404,Sabha,LY,27.0377,14.4283,41.56,67,0,5.39,clear sky
405,Vertientes,CU,21.2594,-78.1464,69.8,88,20,8.05,few clouds
406,Latur,IN,18.4,76.5833,71.04,55,0,10.16,clear sky
407,Morrope,PE,-6.5417,-80.0111,72.0,76,97,1.99,overcast clouds
408,Roald,NO,62.5833,6.1333,41.0,70,7,4.61,clear sky
409,Mweka,CD,-4.85,21.5667,66.67,98,93,0.94,overcast clouds
410,Salinas,US,36.6777,-121.6555,62.6,59,1,10.36,clear sky
411,Manakara,MG,-22.1333,48.0167,78.04,88,2,7.18,clear sky
412,Adra,ES,36.7496,-3.0206,46.4,76,100,8.05,overcast clouds
413,Gayny,RU,60.3071,54.3241,-9.42,90,87,5.57,overcast clouds
414,Sortland,NO,68.6949,15.4162,27.0,92,96,2.3,overcast clouds
415,Challapata,BO,-18.9,-66.7667,50.59,70,100,8.25,overcast clouds
416,Berlevag,NO,70.8578,29.0864,34.32,87,100,16.4,light snow
417,Prainha,BR,-1.8,-53.48,74.43,89,36,4.54,light rain
418,Rio Grande,BR,-32.035,-52.0986,64.99,97,0,8.23,clear sky
419,Kamo,JP,37.65,139.05,39.0,100,75,12.66,light snow
420,Saint-Leu,RE,-21.15,55.2833,78.8,65,0,3.44,clear sky
421,Zhanaozen,KZ,43.3,52.8,36.39,82,0,15.88,clear sky
422,Akniste,LV,56.1615,25.7478,7.48,95,96,3.89,overcast clouds
423,Birin,NP,26.8865,88.0718,56.66,52,0,1.95,clear sky
424,Rosarno,IT,38.4841,15.979,53.6,62,40,9.22,scattered clouds
425,Leticia,CO,-4.2153,-69.9406,77.0,94,75,8.05,light rain
426,Martvili,GE,42.4144,42.3792,41.0,93,90,10.36,overcast clouds
427,Mirnyy,RU,62.5353,113.9611,-37.01,81,100,3.27,overcast clouds
428,Sembe,CG,1.6481,14.5806,71.15,88,94,1.81,overcast clouds
429,Arkhangelsk,RU,64.5401,40.5433,6.8,85,90,4.47,overcast clouds
430,Pangoa,PE,-12.1167,-73.0,68.83,95,100,1.66,light rain
431,Perpignan,FR,42.75,2.75,46.4,57,0,16.11,clear sky
432,Makat,KZ,47.6469,53.3463,26.87,98,99,14.74,overcast clouds
433,Kumo,NG,10.0447,11.2122,66.63,26,91,6.85,overcast clouds
434,Ewo,CG,-0.8725,14.8206,73.04,88,99,3.13,light rain
435,Abnub,EG,27.2696,31.1511,48.2,57,0,11.5,clear sky
436,Vandoeuvre-Les-Nancy,FR,48.65,6.1833,35.6,93,75,3.44,broken clouds
437,Bokovskaya,RU,49.229,41.8306,7.57,95,100,11.83,light snow
438,Srivardhan,IN,18.0333,73.0167,76.69,64,0,5.46,clear sky
439,Porto Novo,BJ,6.4965,2.6036,80.6,89,20,6.91,few clouds
440,Rudbar,AF,30.15,62.6,51.03,42,0,2.75,clear sky
441,Rorvik,NO,64.8621,11.2373,29.59,88,88,14.45,overcast clouds
442,Saint-Joseph,RE,-21.3667,55.6167,78.8,65,0,3.44,clear sky
443,Taunsa,PK,30.7048,70.6505,50.94,41,0,7.81,clear sky
444,Knysna,ZA,-34.0363,23.0471,62.6,94,75,5.75,broken clouds
445,Kumla,SE,59.1277,15.1434,30.2,93,90,9.22,overcast clouds
446,Jalu,LY,29.0331,21.5482,46.83,85,0,5.75,clear sky
447,Rio Gallegos,AR,-51.6226,-69.2181,53.04,69,0,21.47,clear sky
448,Isiro,CD,2.7739,27.616,62.67,86,98,1.3,overcast clouds
449,Sawakin,SD,19.1059,37.3321,71.24,67,22,12.84,few clouds
450,Northampton,US,40.8754,-75.2499,37.99,79,18,7.11,few clouds
451,Wadi Musa,JO,30.3222,35.4793,39.69,86,92,14.03,overcast clouds
452,Walvis Bay,NA,-22.9575,14.5053,66.0,88,69,4.61,broken clouds
453,La Maddalena,IT,41.2142,9.4083,42.8,93,0,2.3,clear sky
454,Acari,PE,-15.4311,-74.6158,72.72,67,77,3.42,broken clouds
455,Boa Vista,BR,2.8197,-60.6733,84.2,61,75,10.36,light rain
456,Woodstock,CA,43.1334,-80.7497,32.0,93,100,3.44,light snow
457,Henties Bay,NA,-22.116,14.2845,66.0,87,59,4.16,broken clouds
458,Qunduz,AF,36.729,68.857,43.18,56,100,0.67,overcast clouds
459,Maua,BR,-23.6678,-46.4614,73.99,68,97,6.91,overcast clouds
460,Gonbad-E Qabus,IR,37.25,55.1672,44.6,65,0,6.91,clear sky
461,Vestmannaeyjar,IS,63.4427,-20.2734,36.54,87,100,23.09,overcast clouds
462,Wana,PK,32.2989,69.5725,40.68,57,0,0.89,clear sky
463,Carutapera,BR,-1.195,-46.02,78.6,82,96,5.82,overcast clouds
464,Daudnagar,IN,25.0333,84.4,50.0,100,90,3.44,fog
465,Beremend,HU,45.7911,18.4326,21.0,92,0,6.91,clear sky
466,Kargasok,RU,59.0556,80.8572,11.95,95,98,10.98,overcast clouds
467,Lesnoy,RU,57.6198,63.0784,-6.5,90,0,7.47,clear sky
468,Puerto Baquerizo Moreno,EC,-0.9,-89.6,74.43,91,0,7.63,clear sky
469,Altamira,BR,-3.2033,-52.2064,73.17,95,78,1.95,light rain
470,Dalvik,IS,65.9702,-18.5286,32.0,100,90,2.3,snow
471,Jumla,NP,29.2747,82.1838,47.16,46,0,0.98,clear sky
472,Dhadar,IN,28.3305,75.0632,57.34,43,0,10.36,clear sky
473,Riyadh,SA,24.6877,46.7219,57.2,33,0,3.13,clear sky
474,Prado,BR,-17.3411,-39.2208,74.68,83,0,4.94,clear sky
475,Talcher,IN,20.95,85.2167,67.82,70,0,1.03,clear sky
476,Egersund,NO,58.4513,5.9997,35.6,87,40,10.36,scattered clouds
477,Los Llanos De Aridane,ES,28.6585,-17.9182,64.4,59,90,5.75,overcast clouds
478,Oistins,BB,13.0667,-59.5333,78.8,78,75,21.85,broken clouds
479,Ovalle,CL,-30.5983,-71.2003,60.35,62,0,1.12,clear sky
480,Luau,AO,-10.7073,22.2247,63.32,98,100,2.39,overcast clouds
481,Libreville,GA,0.3925,9.4537,78.8,89,40,6.91,scattered clouds
482,Omboue,GA,-1.5746,9.2618,76.57,89,96,6.89,overcast clouds
483,Simplicio Mendes,BR,-7.8539,-41.9103,74.37,52,16,2.64,few clouds
484,Ballina,AU,-28.8667,153.5667,82.4,69,86,18.41,overcast clouds
485,The Valley,AI,18.217,-63.0578,78.8,78,75,9.22,broken clouds
486,Santa Vitoria Do Palmar,BR,-33.5189,-53.3681,62.06,79,0,5.95,clear sky
487,Qaqortoq,GL,60.7167,-46.0333,23.0,54,75,2.3,broken clouds
488,Mahanoro,MG,-19.9,48.8,77.65,88,86,4.94,overcast clouds
489,Marystown,CA,47.1666,-55.1483,37.29,80,5,13.76,clear sky
490,Muravlenko,RU,63.7898,74.523,-15.2,88,95,14.94,overcast clouds
491,Soanierana Ivongo,MG,-16.9167,49.5833,76.1,90,90,4.54,overcast clouds
492,Morondava,MG,-20.2833,44.2833,80.91,81,96,4.61,overcast clouds
493,Shetpe,KZ,44.1667,52.1167,36.81,81,0,17.18,clear sky
494,Vyartsilya,RU,62.1764,30.693,21.22,98,100,3.53,overcast clouds
495,Canandaigua,US,42.8742,-77.288,34.0,80,99,3.0,overcast clouds
496,Cauquenes,CL,-35.9671,-72.3225,64.47,50,0,8.57,clear sky
497,Oyem,GA,1.5995,11.5793,66.92,97,33,2.71,scattered clouds
498,Tiassale,CI,5.8983,-4.8283,74.82,90,2,3.2,clear sky
499,Behshahr,IR,36.6923,53.5526,52.38,45,0,3.33,clear sky
500,Kushmurun,KZ,52.4503,64.6311,-6.36,90,0,3.15,clear sky
501,Dharchula,IN,29.85,80.5333,56.17,33,0,1.28,clear sky
502,Killybegs,IE,54.6333,-8.45,41.0,94,99,8.99,overcast clouds
503,Baihar,IN,22.1,80.55,67.21,26,0,3.13,clear sky
504,Ndola,ZM,-12.9587,28.6366,63.64,97,100,5.57,light rain
505,Inhambane,MZ,-23.865,35.3833,77.77,89,97,13.33,moderate rain
506,Ormara,PK,25.2088,64.6357,66.76,65,0,2.59,clear sky
507,Nouakchott,MR,18.0858,-15.9785,64.4,15,100,6.91,dust
508,Illapel,CL,-31.6308,-71.1653,56.91,66,0,0.74,clear sky
509,Kpandae,GH,8.4689,-0.0113,77.45,50,9,3.13,clear sky
510,Calvinia,ZA,-31.4707,19.776,59.0,67,0,5.75,clear sky
511,Sistranda,NO,63.7256,8.834,28.4,86,75,20.71,broken clouds
512,Salekhard,RU,66.53,66.6019,-16.51,89,100,3.09,overcast clouds
513,Kaoma,ZM,-14.7833,24.8,65.35,91,100,4.76,overcast clouds
514,Zabid,YE,14.1951,43.3152,73.56,83,99,3.31,overcast clouds
515,Paramonga,PE,-10.6667,-77.8333,69.66,85,100,5.26,overcast clouds
516,Sabzevar,IR,36.2126,57.6819,41.86,63,0,5.82,clear sky
517,Iglesias,IT,39.3114,8.535,50.0,76,40,16.11,scattered clouds
518,Una,IN,20.8167,71.0333,67.57,45,17,3.38,few clouds
519,High Rock,BS,26.6208,-78.2833,60.8,72,90,6.44,light rain
520,Zheleznodorozhnyy,RU,55.7503,38.0042,-9.4,77,0,4.47,clear sky
521,Sandnessjoen,NO,66.0217,12.6316,23.0,80,0,6.91,clear sky
522,Kidal,ML,18.4411,1.4078,62.67,27,0,14.47,clear sky
523,Koutsouras,GR,35.0339,25.9469,46.0,64,7,2.48,clear sky
524,Seredka,RU,58.1584,28.1858,17.6,86,88,2.24,light snow
525,Skjervoy,NO,70.0311,20.9714,35.01,93,100,14.18,snow
526,Mosetse,BW,-20.75,26.65,70.05,88,100,9.51,light rain
527,Yershichi,RU,53.6725,32.7542,-6.81,91,97,3.78,overcast clouds
528,Zaraza,VE,9.3503,-65.3245,73.83,80,72,7.7,broken clouds
529,Kalugumalai,IN,9.15,77.7167,80.6,78,20,4.61,haze
530,Kant,IN,27.8,79.8,56.08,71,0,3.71,clear sky
531,Grand-Lahou,CI,5.1367,-5.0242,78.58,85,8,5.95,clear sky
532,Asilah,MA,35.465,-6.0348,46.4,100,72,3.44,broken clouds
533,Lichtenburg,ZA,-26.152,26.1597,65.14,87,4,14.29,clear sky
534,Camacupa,AO,-12.0167,17.4833,62.67,91,100,2.93,overcast clouds
535,Bonanza,NI,14.0289,-84.591,70.02,97,100,2.77,overcast clouds
536,Ancud,CL,-41.8697,-73.8203,55.99,87,0,4.61,clear sky
537,Vigrestad,NO,58.5667,5.7,35.6,87,40,10.36,scattered clouds
538,Bagotville,AU,-28.9833,153.4167,82.4,69,94,18.41,light rain
539,Maldonado,UY,-34.6667,-54.9167,68.0,77,40,11.5,scattered clouds
540,Amapa,BR,1.0,-52.0,71.06,98,100,2.3,overcast clouds
541,Cockburn Town,TC,21.4612,-71.1419,78.08,80,99,14.07,overcast clouds
542,Svarstad,NO,59.399,9.9698,28.4,93,75,3.44,broken clouds
543,Sturgeon Falls,CA,46.3646,-79.9326,15.8,86,90,8.05,light snow
544,Plettenberg Bay,ZA,-34.0527,23.3716,64.2,87,15,6.76,few clouds
545,Ceuta,ES,35.8903,-5.3075,50.0,87,94,10.36,overcast clouds
546,Opuwo,NA,-18.0607,13.84,66.72,60,99,3.29,overcast clouds
547,Gambo,CF,4.6482,22.2633,66.07,60,71,0.4,broken clouds
548,Salinopolis,BR,-0.6136,-47.3561,79.45,84,99,9.71,overcast clouds
549,Annau,TM,37.8876,58.516,39.2,87,1,4.61,mist
550,Dapaong,TG,10.8639,0.205,69.42,22,84,7.09,broken clouds
551,Clarence Town,AU,-32.5833,151.7833,80.6,47,100,4.61,overcast clouds
552,Melioratorov,RU,57.2107,65.6077,-7.6,84,0,4.47,clear sky
553,Bundi,IN,25.4417,75.6417,61.3,42,0,5.48,clear sky
554,Awjilah,LY,29.1081,21.2869,47.39,85,0,6.62,clear sky
555,Khorixas,NA,-20.3667,14.9667,68.81,58,99,5.66,overcast clouds
556,Piranhas,BR,-16.4269,-51.8222,72.48,90,100,1.61,overcast clouds
557,Zapadnaya Dvina,RU,56.259,32.0745,-1.66,93,46,2.37,scattered clouds
558,Mecca,SA,21.4267,39.8261,65.7,54,3,7.9,clear sky
559,Caraballeda,VE,10.6112,-66.8522,77.0,88,40,3.44,scattered clouds
560,Mustasaari,FI,63.1142,21.6822,28.4,86,90,10.36,overcast clouds
561,Nicosia,CY,35.1667,33.3667,46.4,81,40,10.36,scattered clouds
562,Chambersburg,US,39.9376,-77.6611,39.0,70,72,1.99,broken clouds
563,Rumphi,MW,-11.0186,33.8575,63.66,85,100,1.9,overcast clouds
564,Tahta,EG,26.7693,31.5021,50.0,50,0,6.91,clear sky
565,Gisenyi,RW,-1.7028,29.2564,61.65,78,81,3.38,broken clouds
566,Constantine,DZ,36.365,6.6147,39.2,60,0,3.44,clear sky
567,Tundla,IN,27.2,78.2833,56.26,58,89,5.39,overcast clouds
568,Harqalah,TN,36.0303,10.509,55.4,37,0,4.61,clear sky
569,Mosquera,CO,4.7059,-74.2302,53.6,94,20,4.61,few clouds
570,Damietta,EG,31.4165,31.8133,51.8,87,0,16.11,clear sky
571,Pitimbu,BR,-7.4706,-34.8086,77.0,83,0,6.91,clear sky
572,Bocas Del Toro,PA,9.3333,-82.25,77.14,79,72,7.54,broken clouds
573,Erdemli,TR,36.605,34.3084,49.15,47,100,9.19,overcast clouds
574,Karera,IN,25.4667,78.15,59.77,45,17,7.18,few clouds
575,Kedrovyy,RU,56.1667,91.8167,19.4,63,0,6.71,clear sky
576,Sundsvall,SE,62.3913,17.3063,8.01,85,4,4.61,clear sky
577,Gazojak,TM,41.1875,61.4036,40.44,67,100,4.76,overcast clouds
578,Issenye,TZ,-2.0,34.3333,61.09,95,100,3.49,light rain
579,Santa Isabel Do Rio Negro,BR,-0.4139,-65.0192,75.27,88,100,1.79,overcast clouds
580,Maun,BW,-19.9833,23.4167,68.0,100,40,6.91,light rain
581,Buy,RU,58.4786,41.53,-2.76,92,98,5.1,overcast clouds
582,Velikiy Ustyug,RU,60.7644,46.3106,1.69,93,100,6.78,snow
583,Eyl,SO,7.9803,49.8164,71.01,73,11,9.91,few clouds
584,Banepa,NP,27.6298,85.5214,46.4,87,20,1.23,mist
585,Joshimath,IN,30.5667,79.5667,49.12,35,0,3.06,clear sky
586,Surt,LY,31.2089,16.5887,53.6,69,0,18.37,clear sky
587,Oktyabrskiy,RU,54.4815,53.471,-12.59,89,26,1.74,scattered clouds
588,Teguldet,RU,57.3064,88.1667,17.4,96,100,13.31,light snow
589,Lipin Bor,RU,60.2622,37.9763,10.65,96,99,6.42,overcast clouds
590,Kaffrine,SN,14.1059,-15.5508,70.34,19,70,11.81,broken clouds
591,Bousso,TD,10.4795,16.7117,69.12,21,91,8.08,overcast clouds
592,Chinhoyi,ZW,-17.3667,30.2,67.19,91,100,2.26,light rain
593,Saravena,CO,6.9538,-71.8752,72.52,70,11,2.39,few clouds
594,Grado,ES,43.388,-6.0743,50.0,100,90,3.74,mist
595,Amboise,FR,47.4125,0.9827,35.6,93,0,3.44,clear sky
596,Imbituba,BR,-28.24,-48.6703,77.0,94,40,4.61,scattered clouds
597,Praia,CV,14.9215,-23.5087,69.8,78,19,17.27,few clouds
598,Nador,MA,35.174,-2.9287,50.0,71,0,4.61,clear sky
599,Keuruu,FI,62.2667,24.7,19.4,93,0,5.75,clear sky
600,Termoli,IT,41.9888,14.9895,34.0,97,97,11.97,overcast clouds
601,Bournemouth,GB,50.7205,-1.8795,43.0,94,19,9.78,few clouds
602,Chiredzi,ZW,-21.05,31.6667,72.12,97,100,6.71,moderate rain
603,Virarajendrapet,IN,12.2,75.8,65.95,79,76,4.9,light rain
604,Upata,VE,8.0086,-62.3989,78.01,83,76,4.0,broken clouds
605,Kuchera,IN,26.9839,73.9719,58.66,48,0,9.26,clear sky
606,Darab,IR,28.7519,54.5444,48.61,56,0,3.98,clear sky
607,Polis,CY,35.0367,32.4264,51.8,66,75,19.57,broken clouds
608,Pozo Colorado,PY,-23.4923,-58.7972,66.47,64,99,6.33,overcast clouds
609,Lerwick,GB,60.1545,-1.1494,42.8,70,40,25.32,scattered clouds
610,Kondinskoye,RU,59.6481,67.41,-14.26,89,75,9.93,broken clouds
611,Beyneu,KZ,45.3167,55.2,32.09,97,0,13.42,clear sky
612,Arrifes,PT,37.7667,-25.7,61.0,94,40,21.85,light rain
613,De Panne,BE,51.0792,2.5917,41.0,93,46,6.91,scattered clouds
614,Ciudad Real,ES,39.0,-4.0,33.01,76,94,1.99,overcast clouds
615,Kapchorwa,UG,1.3965,34.4509,57.92,71,100,3.4,overcast clouds
616,Lazurne,UA,46.084,32.5295,-0.4,85,40,6.71,scattered clouds
617,Cacador,BR,-26.7753,-51.015,65.88,95,100,3.18,overcast clouds
618,Ciudad Bolivar,VE,8.1222,-63.5497,77.94,70,100,12.93,overcast clouds
619,Doha,QA,25.2867,51.5333,68.0,56,0,6.91,clear sky
620,Prieska,ZA,-29.6641,22.7474,74.82,27,0,2.28,clear sky
621,Arti,RU,56.4234,58.5328,-12.23,89,100,3.78,overcast clouds
622,Oxford,GB,51.7522,-1.256,37.99,93,75,6.91,broken clouds
623,Bar Harbor,US,44.3876,-68.2039,37.0,64,20,11.5,few clouds
624,Pratapgarh,IN,24.0333,74.7833,68.4,59,0,4.9,clear sky
625,Malanville,BJ,11.8685,3.3899,68.61,22,26,6.51,scattered clouds
626,Lapua,FI,62.9693,23.0088,25.0,94,100,3.0,overcast clouds
627,Aliwal North,ZA,-30.6937,26.7114,58.91,74,0,5.5,clear sky
628,Escanaba,US,45.7453,-87.0646,26.6,80,90,5.75,overcast clouds
629,San Carlos De Bariloche,AR,-41.1456,-71.3082,60.8,55,0,9.22,clear sky
630,Mahibadhoo,MV,3.7833,72.9667,81.68,74,8,10.27,clear sky
631,Mangai,CD,-4.05,19.5333,68.18,95,58,1.03,light rain
632,Kynsperk Nad Ohri,CZ,50.1189,12.5303,26.01,95,100,1.01,light snow
633,Camacha,PT,33.0833,-16.3333,57.2,67,75,2.3,broken clouds
634,Sassandra,CI,4.95,-6.0833,76.91,88,13,3.49,few clouds
635,Hearst,CA,49.6835,-83.6665,-7.6,77,0,2.3,clear sky
636,Santa Cruz,BO,-17.8,-63.1667,69.8,83,75,11.5,broken clouds
637,Dongobesh,TZ,-4.0667,35.3833,55.74,97,89,1.61,moderate rain
638,Storforshei,NO,66.4043,14.5233,8.01,84,18,5.01,few clouds
639,Loandjili,CG,-4.7561,11.8578,77.54,84,87,5.06,overcast clouds
640,Chokwe,MZ,-24.5333,32.9833,74.37,87,98,9.28,overcast clouds
641,Wattegama,LK,6.7989,81.4808,75.2,100,20,2.3,few clouds
642,Moshenskoye,RU,58.5102,34.5911,7.86,95,99,4.54,overcast clouds
643,Iskateley,RU,67.6803,53.1512,-12.73,90,88,4.81,overcast clouds
644,Buchanan,LR,5.8808,-10.0467,75.2,94,20,4.29,mist
645,Zruc Nad Sazavou,CZ,49.7401,15.1061,23.0,74,75,4.61,broken clouds
646,Port Blair,IN,11.6667,92.75,82.33,71,51,19.42,broken clouds
647,Jatai,BR,-17.8814,-51.7144,69.31,94,100,2.24,heavy intensity rain
648,Pierrelatte,FR,44.3776,4.702,41.0,70,0,25.32,clear sky
649,Mehamn,NO,71.0357,27.8492,33.06,93,100,14.41,light snow
650,Savinka,RU,50.0785,47.0994,4.06,93,100,11.43,overcast clouds
651,Catamarca,AR,-28.4696,-65.7852,60.01,86,0,1.99,clear sky
652,Ornskoldsvik,SE,63.2909,18.7153,-5.8,92,16,3.44,few clouds
653,Sao Francisco,BR,-15.9486,-44.8644,68.38,83,100,2.8,overcast clouds
654,Lisakovsk,KZ,52.5369,62.4936,-7.73,88,0,4.9,clear sky
655,Abrau-Dyurso,RU,44.69,37.59,27.0,80,98,15.66,overcast clouds
656,Phalia,PK,32.4297,73.5775,46.94,70,0,3.6,clear sky
657,Gubkinskiy,RU,64.434,76.5026,-13.65,89,94,10.8,overcast clouds
658,Kamyshlov,RU,56.8428,62.7111,-3.35,89,0,8.99,clear sky
659,Cap Malheureux,MU,-19.9842,57.6142,81.0,74,64,11.99,broken clouds
660,Kandi,BJ,11.1342,2.9386,68.13,23,62,4.81,broken clouds
661,Cabedelo,BR,-6.9811,-34.8339,77.0,83,0,6.91,clear sky
662,Lochgilphead,GB,56.038,-5.4321,44.6,87,90,17.27,overcast clouds
663,Staryy Nadym,RU,65.6118,72.6842,-14.8,88,100,12.39,overcast clouds
664,Tyukalinsk,RU,55.8732,72.1967,0.39,92,100,14.47,overcast clouds
665,Tromso,NO,69.6496,18.957,32.0,86,75,16.11,broken clouds
666,Nueva Guinea,NI,11.6876,-84.4562,69.35,96,33,5.64,scattered clouds
667,Nushki,PK,29.5542,66.0215,49.96,37,0,4.16,clear sky
668,Cozumel,MX,20.5083,-86.9458,64.99,94,90,5.75,light rain
669,Kalavad,IN,22.2167,70.3833,60.8,67,0,4.61,haze
670,Pobe,BJ,6.9801,2.6649,75.15,92,12,3.8,few clouds
671,Puerto Del Rosario,ES,28.5004,-13.8627,62.6,72,75,8.05,broken clouds
672,Kunszentmiklos,HU,47.027,19.1258,19.0,92,20,2.3,mist
673,Farah,AF,32.5,62.5,43.65,48,31,2.08,scattered clouds
674,Pombia,IT,45.653,8.6336,30.0,93,40,5.75,mist
675,Nata,PA,8.3333,-80.5167,75.99,47,0,6.73,clear sky
676,Edea,CM,3.8,10.1333,78.8,100,40,2.3,light rain
677,Semey,KZ,50.4111,80.2275,8.6,78,0,11.18,clear sky
678,Santo Amaro Da Imperatriz,BR,-27.6881,-48.7786,77.0,94,40,4.61,scattered clouds
679,Abyek,IR,36.0667,50.55,35.6,64,18,4.61,few clouds
680,Lardos,GR,36.0942,28.0157,46.0,87,40,10.36,scattered clouds
681,Tangara,BR,-6.1994,-35.8017,78.8,78,20,5.75,few clouds
682,Sesimbra,PT,38.4445,-9.1015,48.0,44,5,4.0,clear sky
683,Cubuk,TR,40.2386,33.0322,23.0,93,75,2.3,light snow
684,Itarema,BR,-2.9248,-39.9167,79.2,79,100,10.89,light rain
685,Carbonia,IT,39.1672,8.5222,50.0,76,40,16.11,scattered clouds
686,Karabuk,TR,41.2049,32.6277,24.94,93,100,4.05,snow
687,Kikwit,CD,-5.041,18.8162,70.47,95,94,0.81,light rain
688,Sioux Lookout,CA,50.1001,-91.917,14.0,92,90,3.18,light snow
689,Caravelas,BR,-17.7125,-39.2481,73.53,88,0,3.62,clear sky
690,Bafra,TR,41.5678,35.9069,41.0,65,75,12.66,light rain
691,Casablanca,MA,33.5928,-7.6192,53.01,100,0,3.44,mist
692,Gidam,IN,18.9833,81.4,68.2,32,0,1.66,clear sky
693,Kadoma,JP,34.7333,135.5833,45.0,52,20,2.3,few clouds
694,Pasni,PK,25.2631,63.471,66.78,57,0,3.49,clear sky
695,Belyy Yar,RU,53.6039,91.3903,10.4,85,83,2.24,smoke
696,Oussouye,SN,12.485,-16.5469,71.4,20,100,7.72,overcast clouds
697,Yarmouth,US,41.7057,-70.2286,42.8,52,75,18.41,broken clouds
698,Kareli,IN,22.9167,79.0667,68.68,30,39,6.26,scattered clouds
699,Talara,PE,-4.5772,-81.2719,71.98,84,85,13.82,overcast clouds
700,Uvira,CD,-3.4067,29.1458,70.99,65,99,3.85,light rain
701,Lyngdal,NO,58.1376,7.07,35.01,88,97,3.0,overcast clouds
702,Khash,IR,28.2211,61.2158,42.28,76,0,2.42,clear sky
703,Taoudenni,ML,22.6783,-3.9836,54.3,39,100,15.64,overcast clouds
704,Bagn,NO,60.8225,9.5521,12.99,93,84,3.4,broken clouds
705,Yining,CN,29.0361,114.5636,51.39,42,0,1.16,clear sky
706,Sao Miguel Do Araguaia,BR,-13.275,-50.1628,73.15,91,100,2.77,light rain
707,Rezina,MD,47.7492,28.9622,14.65,89,100,8.25,overcast clouds
708,Malinovoye Ozero,RU,51.6753,79.7825,17.15,94,96,8.48,overcast clouds
709,Karasburg,NA,-28.0167,18.75,67.91,37,0,7.07,clear sky
710,Sosva,RU,59.1766,61.8558,-6.75,89,0,5.35,clear sky
711,Champua,IN,22.0833,85.6667,63.73,55,0,0.67,clear sky
712,Campbellsville,US,37.3434,-85.3419,32.0,86,1,4.61,clear sky
713,Boende,CD,-0.2167,20.8667,67.73,92,41,1.68,scattered clouds
714,Emirdag,TR,39.0197,31.15,20.98,94,72,2.39,broken clouds
715,Fonte Boa,BR,-2.4959,-66.2662,74.64,96,99,2.44,overcast clouds
716,Saint-Jean-De-Maurienne,FR,45.1667,6.5833,34.0,85,63,1.99,broken clouds
717,Pervomayskoye,RU,43.919,46.7102,33.82,91,100,10.11,overcast clouds
718,La Palma,US,33.8464,-118.0467,73.4,42,1,3.44,clear sky
719,Abapo,BO,-18.8333,-63.4667,62.31,82,100,2.73,heavy intensity rain
720,Mimoso Do Sul,BR,-21.0642,-41.3664,69.89,88,9,2.98,clear sky
721,Shenkursk,RU,62.1091,42.896,8.55,95,98,5.53,overcast clouds
722,San Andres,CO,12.5847,-81.7006,80.6,83,90,9.22,light rain
723,Sherbakul,RU,54.6316,72.3963,5.0,78,0,11.18,clear sky
724,Punta Cardon,VE,11.6581,-70.215,77.02,79,0,19.91,clear sky
725,Biltine,TD,14.5333,20.9167,63.59,24,0,13.06,clear sky
726,Puerto Madryn,AR,-42.7692,-65.0385,67.75,52,2,17.38,clear sky
